Phone_Name,Phone_Price
"Samsung Galaxy Note 20 (Mystic Blue, 256 GB)","₹77,999"
"Samsung Galaxy M01s (Grey, 32 GB)","₹10,998"
"Samsung Galaxy M01s  (Light Blue, 32 GB)","₹10,990"
"Samsung M01 core (Red, 32 GB)","₹7,198"
"Samsung M01 core (Red, 16 GB)","₹6,184"
"Samsung Galaxy Note 20 (Mystic Bronze, 256 GB)","₹77,999"
"Samsung Galaxy Note 20 Ultra 5G (Mystic Bronze, 256 GB)","₹1,04,999"
"Samsung Galaxy Note 20 Ultra 5G (Mystic Black, 256 GB)","₹1,04,999"
"Samsung Galaxy Note 20 (Mystic Green, 256 GB)","₹77,999"
"Samsung M01 core (Blue, 32 GB)","₹7,119"
"Samsung M01 core (Blue, 16 GB)","₹6,161"
"Samsung M01 core (Black, 32 GB)","₹7,118"
"Samsung M01 core (Black, 16 GB)","₹6,156"
"Samsung Galaxy A71 (Haze Crush Silver, 128 GB)","₹30,999"
"Samsung Galaxy M30S (Black, 128 GB)","₹17,578"
"Samsung Galaxy M21 (Midnight Blue, 128 GB)","₹17,894"
"Samsung Galaxy M21 (Raven Black, 128 GB)","₹17,948"
"Samsung Galaxy A21s (Blue, 64 GB)","₹15,999"
"Samsung Galaxy A21s (Black, 64 GB)","₹15,999"
"Samsung Galaxy A21s (White, 64 GB)","₹17,499"
"Samsung Galaxy A21s (Black, 64 GB)","₹17,499"
"Samsung Galaxy A21s (White, 64 GB)","₹15,999"
"Samsung Galaxy A21s (Blue, 64 GB)","₹17,499"
"Samsung Galaxy M21 (Midnight Blue, 64 GB)","₹15,910"
"Samsung Galaxy M21 (Raven Black, 64 GB)","₹15,550"
"Samsung Galaxy A51 (Prism Crush Blue, 128 GB)","₹25,999"
"Samsung Galaxy A51 (Prism Crush Black, 128 GB)","₹25,999"
"Samsung Galaxy M01 (Black, 32 GB)","₹8,929"
"Samsung Galaxy A51 (Prism Crush White, 128 GB)","₹25,999"
"Samsung Galaxy M01 (Blue, 32 GB)","₹8,929"
"Samsung Galaxy M01 (Red, 32 GB)","₹9,244"
"Samsung Galaxy M11 (Violet, 32 GB)","₹11,359"
"Samsung Galaxy M11 (Black, 64 GB)","₹13,745"
"Samsung Galaxy M11 (Metallic Blue, 64 GB)","₹14,299"
"Samsung Galaxy M11 (Metallic Blue, 32 GB)","₹11,411"
"Samsung Galaxy M11 (Black, 32 GB)","₹11,578"
"Samsung Galaxy A31 (Prism Crush White, 128 GB)","₹20,999"
"Samsung Galaxy A31 (Prism Crush Blue, 128 GB)","₹20,999"
"Samsung Galaxy A31 (Prism Crush Black, 128 GB)","₹20,999"
"Samsung Galaxy M11 (Violet, 64 GB)","₹13,935"
"Samsung Galaxy J2 Core (Gold, 16 GB)","₹6,749"
"Samsung Galaxy J2 Core (Black, 16 GB)","₹6,999"
"Samsung Galaxy J2 Core (Blue, 16 GB)","₹6,749"
"Samsung Galaxy M31 (Ocean Blue, 64 GB)","₹18,746"
"Samsung Galaxy M31 (Ocean Blue, 128 GB)","₹19,328"
"Samsung Galaxy M31 (Space Black, 128 GB)","₹19,301"
"Samsung Galaxy M31 (Space Black, 64 GB)","₹18,612"
"Samsung Galaxy S10 Lite (Prism Black, 512 GB)","₹47,999"
"Samsung Galaxy A71 (Prism Crush Black, 128 GB)","₹30,999"
"Samsung Galaxy A71 (Prism Crush Silver, 128 GB)","₹32,999"
"Samsung Galaxy A71 (Prism Crush Blue, 128 GB)","₹33,990"
"Samsung Galaxy S20 Ultra (Cosmic Gray, 128 GB)","₹97,999"
"Samsung Galaxy S20+ (Cosmic Gray, 128 GB)","₹77,999"
"Samsung Galaxy S20 Ultra (Cosmic Black, 128 GB)","₹97,999"
"Samsung Galaxy S20 (Cosmic Gray, 128 GB)","₹70,499"
"Samsung Galaxy S20+ (Cosmic Black, 128 GB)","₹77,999"
"Samsung Galaxy S20 (Cloud Pink, 128 GB)","₹75,999"
"Samsung Galaxy S20 (Cloud Blue, 128 GB)","₹70,499"
"Samsung Galaxy S20+ (Cloud Blue, 128 GB)","₹77,999"
"Samsung Galaxy A51 (Prism Crush Black, 128 GB)","₹23,999"
"Samsung Galaxy A51 (Prism Crush Blue, 128 GB)","₹23,999"
"Samsung Galaxy Note10 Lite (Aura Glow, 128 GB)","₹37,999"
"Samsung Galaxy Note10 Lite (Aura Glow, 128 GB)","₹39,999"
"Samsung Galaxy Note10 Lite (Aura Black, 128 GB)","₹39,999"
"Samsung Galaxy Note10 Lite (Aura Black, 128 GB)","₹37,999"
"Samsung Galaxy S10 Lite (Prism Black, 128 GB)","₹42,999"
"Samsung Galaxy S10 Lite (Prism Blue, 128 GB)","₹42,999"
"Samsung Galaxy A20s (Black, 64 GB)","₹14,900"
"Samsung Galaxy A70s (Prism Crush Red, 128 GB)","₹23,975"
"Samsung Galaxy A20s (Blue, 32 GB)","₹12,900"
"Samsung Galaxy A70s (Prism Crush Black, 128 GB)","₹27,999"
"Samsung Galaxy A70s (Prism Crush White, 128 GB)","₹23,990"
"Samsung Galaxy A70s (Prism Crush Black, 128 GB)","₹26,990"
"Samsung Galaxy A70s (Prism Crush Red, 128 GB)","₹26,990"
"Samsung Galaxy A70s (Prism Crush White, 128 GB)","₹26,789"
"Samsung Galaxy A50s (Prism Crush White, 128 GB)","₹22,998"
"Samsung Galaxy A50s (Prism Crush Black, 128 GB)","₹22,999"
"Samsung Galaxy A10s (Black, 32 GB)","₹10,895"
"Samsung Galaxy A10s (Blue, 32 GB)","₹10,995"
"Samsung Galaxy Note 10 (Aura Black, 256 GB)","₹75,000"
"Samsung Galaxy Note 10 (Aura Glow, 256 GB)","₹75,000"
"Samsung Galaxy M40 (Seawater Blue, 128 GB)","₹21,490"
"Samsung Galaxy Note 10 Plus (Aura Glow, 256 GB)","₹85,000"
"Samsung Galaxy M40 (Midnight Blue, 128 GB)","₹16,834"
"Samsung Galaxy A80 (Angel Gold, 128 GB)","₹52,249"
"Samsung Galaxy A80 (Ghost White, 128 GB)","₹34,999"
"Samsung Galaxy A80 (Phantom Black, 128 GB)","₹32,949"
"Samsung Galaxy A20 (Gold, 32 GB)","₹12,900"
"Samsung Galaxy A10 (Gold, 32 GB)","₹8,700"
"Samsung Galaxy A30 (White, 64 GB)","₹18,000"
"Samsung Galaxy A70 (Blue, 128 GB)","₹27,499"
"Samsung Galaxy A70 (Black, 128 GB)","₹30,900"
"Samsung Galaxy A70 (White, 128 GB)","₹28,990"
"Samsung Galaxy A20 (Red, 32 GB)","₹13,099"
"Samsung Galaxy A20 (Black, 32 GB)","₹11,490"
"Samsung Galaxy A20 (Deep Blue, 32 GB)","₹11,490"
"Samsung Galaxy M30 (Gradation Blue, 128 GB)","₹18,990"
"Samsung Galaxy A10 (Black, 32 GB)","₹7,990"
"Samsung Galaxy A10 (Red, 32 GB)","₹8,700"
"Samsung Galaxy A10 (Blue, 32 GB)","₹7,990"
"Samsung Galaxy A50 (Blue, 64 GB)","₹15,499"
"Samsung Galaxy A50 (White, 64 GB)","₹18,999"
"Samsung Galaxy A30 (Red, 64 GB)","₹18,000"
"Samsung Galaxy A30 (Black, 64 GB)","₹17,500"
"Samsung Galaxy A30 (Blue, 64 GB)","₹18,000"
"Samsung Galaxy A50 (Blue, 64 GB)","₹18,999"
"Samsung Galaxy A50 (Black, 64 GB)","₹24,000"
"Samsung Galaxy M20 (Charcoal Black, 32 GB)","₹11,447"
"Samsung Galaxy Note 8 (Orchid Grey, 64 GB)","₹70,000"
"Samsung Galaxy S10e (Prism White, 128 GB)","₹58,000"
"Samsung Galaxy S10 Plus (Ceramic White, 1 TB)","₹1,17,990"
"Samsung Galaxy S10e (Prism Black, 128 GB)","₹59,000"
"Samsung Galaxy S10 Plus (Ceramic Black, 512 GB)","₹73,800"
"Samsung Galaxy S10 Plus (Prism Black, 128 GB)","₹73,900"
"Samsung Galaxy S10 (Prism White, 512 GB)","₹63,400"
"Samsung Galaxy S10 (Prism Blue, 128 GB)","₹57,800"
"Samsung Galaxy S10 Plus (Prism Blue, 128 GB)","₹75,900"
"Samsung Galaxy A51 (Prism Crush White, 128 GB)","₹26,999"
"Samsung Galaxy S10 Plus (Prism White, 128 GB)","₹59,900"
"Samsung Galaxy S10 (Prism Black, 128 GB)","₹50,999"
"Samsung Galaxy Note 9 (Alpine White, 128 GB)","₹73,600"
"Samsung Galaxy A7 (Blue, 64 GB)","₹17,990"
"Samsung Galaxy J4 Plus (Gold, 32 GB)","₹9,499"
"Samsung Galaxy J6 Plus (Black, 64 GB)","₹14,000"
"Samsung Galaxy J6 Plus (Red, 64 GB)","₹13,600"
"Samsung Galaxy J6 Plus (Blue, 64 GB)","₹13,600"
"Samsung Galaxy A8 Star (White, 64 GB)","₹34,999"
"Samsung Galaxy A8 Star (Black, 64 GB)","₹34,999"
"Samsung Galaxy J2 Core (Gold, 8 GB)","₹6,190"
"Samsung Galaxy J2 Core (Black, 8 GB)","₹6,200"
"Samsung Galaxy J2 Core (Blue, 8 GB)","₹6,190"
"Samsung Galaxy A8 Plus (Gold, 64 GB)","₹29,990"
"Samsung Galaxy Note 9 (Midnight Black, 512 GB)","₹84,900"
"Samsung Galaxy Note 9 (Ocean Blue, 512 GB)","₹93,000"
"Samsung Galaxy Note 9 (Ocean Blue, 128 GB)","₹67,900"
"Samsung Galaxy Note 9 (Metallic Copper, 128 GB)","₹73,600"
"Samsung Galaxy Note 9 (Midnight Black, 128 GB)","₹67,900"
"Samsung Galaxy A6 (Black, 64 GB)","₹16,990"
"Samsung Galaxy A6 (Gold, 64 GB)","₹25,500"
"Samsung Galaxy A6 (Blue, 64 GB)","₹16,990"
"Samsung Galaxy A6+ (Blue, 64 GB)","₹25,600"
"Samsung Galaxy A6+ (Black, 64 GB)","₹21,990"
"Samsung Galaxy A6+ (Gold, 64 GB)","₹21,990"
"Samsung Galaxy J8 (Blue, 64 GB)","₹18,990"
"Samsung Galaxy J8 (Gold, 64 GB)","₹19,500"
"Samsung Galaxy J8 (Black, 64 GB)","₹19,500"
"Samsung Galaxy On6 (Blue, 64 GB)","₹17,600"
"Samsung Galaxy J4 (Black, 32 GB)","₹10,990"
"Samsung Galaxy J4 (Gold, 32 GB)","₹10,990"
"Samsung Galaxy J4 (Blue, 32 GB)","₹13,023"
"Samsung Galaxy J4 (Black, 16 GB)","₹8,990"
"Samsung Galaxy J4 (Gold, 16 GB)","₹9,500"
"Samsung Galaxy J4 (Blue, 16 GB)","₹9,500"
"Samsung Galaxy J6 (Black, 64 GB)","₹14,990"
"Samsung Galaxy J6 (Blue, 64 GB)","₹9,490"
"Samsung Galaxy J6 (Gold, 64 GB)","₹14,990"
"Samsung Galaxy J6 (Blue, 32 GB)","₹12,990"
"Samsung Galaxy J6 (Black, 32 GB)","₹12,990"
"Samsung Galaxy J6 (Gold, 32 GB)","₹12,990"
Samsung Guru Music 2,"₹1,450"
Samsung Guru 1200,"₹1,100"
Samsung Guru FM Plus,"₹1,660"
"Samsung Galaxy J2 2018 (Gold, 16 GB)","₹7,500"
"Samsung Galaxy J2 2018 (Black, 16 GB)","₹7,999"
"Samsung Galaxy J2 2018 (Pink, 16 GB)","₹6,799"
"Samsung Galaxy J7 Duo (Gold, 32 GB)","₹17,889"
"Samsung Galaxy J7 Duo (Black, 32 GB)","₹17,962"
"Samsung Galaxy S9 (Midnight Black, 256 GB)","₹65,900"
"Samsung Galaxy Note 8 (Maple Gold, 64 GB)","₹59,900"
"Samsung Galaxy Note 8 (Midnight Black, 64 GB)","₹59,900"
"Samsung Galaxy J7 Nxt (Black, 32 GB)","₹14,995"
"Samsung Galaxy J7 Nxt (Gold, 32 GB)","₹12,000"
"Samsung Galaxy J2-2017 (Absolute black, 8 GB)","₹6,000"
"Samsung Galaxy J2-2017 (Metallic gold, 8 GB)","₹6,000"
"Samsung Galaxy J7 Pro (Black, 64 GB)","₹20,995"
"Samsung Galaxy J7 Nxt (Gold, 16 GB)","₹10,995"
"Samsung Galaxy J7 Nxt (Black, 16 GB)","₹11,995"
"Samsung Galaxy S8 Plus (Orchid Grey, 64 GB)","₹53,990"
"Samsung J7 Max (Gold, 32 GB)","₹11,046"
"Samsung J7 Max (Black, 32 GB)","₹19,995"
"Samsung Galaxy S8 Plus (Midnight Black, 128 GB)","₹66,900"
Samsung Metro 313 Dual Sim,"₹2,340"
"Samsung Galaxy J5 Prime (Gold, 32 GB)","₹13,500"
"Samsung Galaxy J5 Prime (Black, 32 GB)","₹13,500"
Samsung Metro 313 Dual Sim,"₹2,025"
"Samsung Galaxy S8 Plus (Maple Gold, 64 GB)","₹53,990"
"Samsung Galaxy S8 Plus (Coral Blue, 64 GB)","₹53,990"
"Samsung Galaxy S8 Plus (Midnight Black, 64 GB)","₹53,990"
"Samsung Galaxy J7 Prime (Gold, 32 GB)","₹15,995"
"Samsung Galaxy J2 Pro (Gold, 16 GB)","₹10,480"
"Samsung Galaxy J2 Pro (Black, 16 GB)","₹10,480"
"Samsung Galaxy J5 Prime (Gold, 16 GB)","₹12,800"
"Samsung Galaxy J5 Prime (Black, 16 GB)","₹14,500"
"Samsung Galaxy J7 Prime (Black, 16 GB)","₹18,328"
"Samsung Galaxy J7 - 6 (New 2016 Edition) (White, 16 GB)","₹15,299"
"Samsung Galaxy J7 - 6 (New 2016 Edition) (Black, 16 GB)","₹13,800"
"Samsung Galaxy On7 (Black, 8 GB)","₹9,977"
Samsung Guru GT,"₹1,549"
Samsung Sm-B110E/D,"₹1,699"
"Samsung Galaxy J2 (White, 8 GB)","₹6,799"
Samsung Metro 313 Dual Sim,"₹2,340"
Samsung Metro 313,"₹2,499"
Samsung B350,"₹3,000"
Samsung Metro 350,"₹3,013"
Samsung Metro 350,"₹3,062"
Samsung Guru FM Plus SM-B110E/D,"₹1,662"
Samsung Guru FM Plus,"₹1,689"
Samsung Metro 350,"₹3,200"
Samsung Metro 350,"₹3,007"
Samsung Guru FM Plus SM-B110E/D,"₹1,662"
Samsung Metro 313,"₹2,196"
Samsung Guru Music 2 SM-B310E,"₹2,090"
Samsung Metro 313,"₹2,499"
Samsung Guru Music 2,"₹1,945"
Samsung Guru FM Plus,"₹1,799"
Samsung Guru Music 2,"₹1,600"
Samsung Metro SM-B313ez,"₹2,799"
Samsung Guru FM Plus,"₹1,659"
Samsung Guru Plus B110,"₹1,699"
Samsung Guru FM Plus SM-B110E/D,"₹1,662"
Samsung Metro 313,"₹2,050"
Samsung Metro 313,"₹2,282"
"Samsung Galaxy S6 Edge (Black Sapphire, 32 GB)","₹37,299"
"Samsung Galaxy Core Prime (White, 8 GB)","₹7,990"
Samsung Guru Music 2,"₹1,950"
"Samsung Galaxy Grand 2 (Gold, 8 GB)","₹15,999"
"Samsung Galaxy S5 (Shimmery White, 16 GB)","₹33,999"
Samsung GT 1200 R/I/M,"₹1,549"
Samsung Guru 1200,"₹1,408"
Samsung Guru 1200,"₹1,250"
Samsung Guru 1200,"₹1,100"
"Samsung Galaxy M30S (Blue, 128 GB)","₹17,879"
"Samsung Galaxy S10 (Prism Black, 128 GB)","₹69,000"
"Samsung Galaxy M31 (Space Black, 128 GB)","₹21,999"
"Samsung Galaxy M31s (Mirage Blue, 128 GB)","₹20,000"
"Samsung Galaxy M31 (Ocean Blue, 128 GB)","₹21,999"
"Samsung Galaxy S10 Lite (Prism Blue, 512 GB)","₹47,999"
"Samsung Galaxy S10 Lite (Prism White, 512 GB)","₹47,999"
"Samsung Galaxy Note10 Lite (Aura Red, 128 GB)","₹37,999"
"Samsung Galaxy Note10 Lite (Aura Red, 128 GB)","₹39,999"
"Samsung Galaxy S10 Lite (Prism White, 128 GB)","₹42,999"
"Samsung Galaxy M30s (White, 128 GB)","₹16,999"
"Samsung Galaxy M30s (Opal Black, 128 GB)","₹16,999"
"Samsung Galaxy M30s (Blue, 128 GB)","₹16,999"
"Samsung Galaxy A30s (Prism Crush Violet, 128 GB)","₹19,900"
"Samsung Galaxy A30s (Prism Crush White, 128 GB)","₹19,900"
"Samsung Galaxy A30s (Prism Crush Black, 128 GB)","₹19,900"
"Samsung Galaxy M40 (COCKTAIL ORANGE, 128 GB)","₹16,990"
"Samsung Galaxy M10S (Stainless Black, 32 GB)","₹9,100"
"Samsung Galaxy M10S (Metallic Blue, 32 GB)","₹8,990"
"Samsung Galaxy M30 (Blue, 32 GB)","₹10,399"
"Samsung Galaxy M30 (Black, 32 GB)","₹10,379"
"Samsung Galaxy M30s (Blue, 64 GB)","₹14,082"
"Samsung Galaxy M30s (White, 64 GB)","₹14,399"
"Samsung Galaxy M30s (Black, 64 GB)","₹14,140"
"Samsung Galaxy M30s (Black, 64 GB)","₹12,998"
"Samsung Galaxy A20s (Blue, 64 GB)","₹14,900"
"Samsung Galaxy A20s (Green, 32 GB)","₹12,900"
"Samsung Galaxy A20s (Green, 64 GB)","₹14,900"
"Samsung Galaxy A20s (Black, 32 GB)","₹12,900"
"Samsung Galaxy A50s (Prism Crush Violet, 128 GB)","₹18,570"
"Samsung Galaxy A50s (Prism Crush Violet, 128 GB)","₹26,900"
"Samsung Galaxy A30s (Prism Crush Violet, 64 GB)","₹18,900"
"Samsung Galaxy A30s (Prism Crush White, 64 GB)","₹18,900"
"Samsung Galaxy A50s (Prism Crush White, 128 GB)","₹26,900"
"Samsung Galaxy A50s (Prism Crush Black, 128 GB)","₹26,900"
"Samsung Galaxy A10s (Green, 32 GB)","₹11,000"
"Samsung Galaxy A10s (Black, 32 GB)","₹8,980"
"Samsung Galaxy A10s (Green, 32 GB)","₹8,980"
"Samsung Galaxy A10s (Blue, 32 GB)","₹8,980"
"Samsung Galaxy Note 10 Plus (Aura Glow, 512 GB)","₹94,700"
"Samsung Galaxy Note 10 (Aura Red, 256 GB)","₹75,000"
"Samsung Galaxy Note 10 Plus (Aura Black, 512 GB)","₹94,700"
"Samsung Galaxy Note 10 Plus (Aura Black, 256 GB)","₹85,000"
"Samsung Galaxy Note 10 Plus (Aura White, 256 GB)","₹85,000"
"Samsung Galaxy A8 Plus (Black, 64 GB)","₹16,860"
"Samsung Galaxy A2 Core (Gold, 16 GB)","₹5,900"
"Samsung Galaxy A2 Core (Dark Gray, 16 GB)","₹5,900"
"Samsung Galaxy A2 Core (Blue, 16 GB)","₹5,900"
"Samsung Galaxy M20 (Ocean Blue, 32 GB)","₹10,990"
"Samsung Galaxy M30 (Gradation Black, 64 GB)","₹13,589"
"Samsung Galaxy M30 (Gradation Black, 128 GB)","₹15,900"
"Samsung Galaxy M20 (Charcoal Black, 64 GB)","₹12,250"
"Samsung Galaxy M20 (Ocean Blue, 64 GB)","₹11,999"
"Samsung Galaxy M10 (Charcoal Black, 32 GB)","₹8,650"
"Samsung Galaxy M10 (Ocean Blue, 32 GB)","₹8,690"
"Samsung Galaxy M10 (Charcoal Black, 16 GB)","₹8,179"
"Samsung Galaxy A50 (Black, 64 GB)","₹15,499"
"Samsung Galaxy A50 (White, 64 GB)","₹15,499"
"Samsung Galaxy M20 (Ocean Blue, 32 GB)","₹11,090"
"Samsung Galaxy M10 (Ocean Blue, 16 GB)","₹8,190"
Samsung Guru FM Plus,"₹4,500"
"Samsung Galaxy S10 (Prism White, 128 GB)","₹57,800"
"Samsung Galaxy S10 Plus (Prism White, 128 GB)","₹65,200"
"Samsung Galaxy S9 Plus (Burgundy Red, 64 GB)","₹30,999"
"Samsung Galaxy S9 Plus (Burgundy Red, 128 GB)","₹68,900"
"Samsung Galaxy S9 Plus (Polaris Blue, 64 GB)","₹30,999"
"Samsung On5 Pro (Black, 16 GB)","₹6,990"
"Samsung Galaxy A9 (Lemonade Blue, 128 GB)","₹39,000"
"Samsung Galaxy A9 (Bubblegum Pink, 128 GB)","₹36,000"
"Samsung Galaxy A9 (Caviar Black, 128 GB)","₹36,000"
"Samsung Galaxy A9 (Caviar Black, 128 GB)","₹39,000"
"Samsung Galaxy A9 (Lemonade Blue, 128 GB)","₹36,000"
"Samsung Galaxy A7 (Black, 128 GB)","₹24,600"
"Samsung Galaxy A7 (Blue, 128 GB)","₹24,600"
"Samsung On5 Pro (Gold, 16 GB)","₹6,480"
"Samsung Galaxy A6 (Black, 32 GB)","₹12,499"
"Samsung Galaxy A7 (Black, 64 GB)","₹22,300"
"Samsung Galaxy A7 (Gold, 64 GB)","₹22,300"
"Samsung Galaxy J4 Plus (Black, 32 GB)","₹9,000"
"Samsung Galaxy J4 Plus (Blue, 32 GB)","₹9,000"
"Samsung On7 Pro (Black, 16 GB)","₹6,549"
"Samsung Galaxy Note 9 (Metallic Copper, 512 GB)","₹93,000"
"Samsung Galaxy Note 9 (Lavender Purple, 128 GB)","₹73,600"
Samsung Guru Music 2,"₹1,877"
"Samsung Galaxy On8 (Black, 64 GB)","₹19,990"
"Samsung Galaxy On8 (Blue, 64 GB)","₹19,990"
"Samsung Galaxy Folder 2 (Wine Red, 16 GB)","₹27,330"
"Samsung Galaxy A6 (Gold, 32 GB)","₹12,499"
"Samsung Galaxy On6 (Black, 64 GB)","₹17,600"
"Samsung Galaxy S9 Plus (Sunrise Gold, 128 GB)","₹68,900"
"Samsung Galaxy J7 Duo (Blue, 32 GB)","₹17,990"
Samsung Metro XL,"₹3,780"
"Samsung Galaxy S8 (Burgundy Red, 64 GB)","₹49,990"
"Samsung Galaxy S9 (Midnight Black, 128 GB)","₹61,900"
"Samsung Galaxy S9 Plus (Midnight Black, 128 GB)","₹68,900"
"Samsung Galaxy J7 Prime 2 (Black, 32 GB)","₹14,990"
"Samsung Galaxy S9 (Coral Blue, 128 GB)","₹61,900"
"Samsung Galaxy J7 Prime 2 (Gold, 32 GB)","₹14,990"
"Samsung Galaxy S9 Plus (Coral Blue, 128 GB)","₹68,900"
"Samsung Galaxy S9 (Lilac Purple, 128 GB)","₹39,900"
"Samsung Galaxy S9 Plus (Lilac Purple, 128 GB)","₹68,900"
"Samsung Galaxy S9 (Lilac Purple, 64 GB)","₹24,999"
"Samsung Galaxy S9 Plus (Midnight Black, 64 GB)","₹30,999"
"Samsung Galaxy S9 Plus (Coral Blue, 64 GB)","₹30,999"
"Samsung Galaxy S9 (Coral Blue, 64 GB)","₹24,999"
"Samsung Galaxy S9 (Midnight Black, 64 GB)","₹24,999"
"Samsung Galaxy S9 Plus (Lilac Purple, 64 GB)","₹30,999"
"Samsung On7 Pro (Gold, 16 GB)","₹5,990"
"Samsung S7 Edge (Black Pearl, 128 GB)","₹36,900"
"Samsung Galaxy On Nxt (Gold, 16 GB)","₹11,200"
"Samsung Galaxy On Nxt (Black, 16 GB)","₹11,200"
"Samsung Galaxy C7 Pro (Gold, 64 GB)","₹26,600"
"Samsung Galaxy C7 Pro (Navy Blue, 64 GB)","₹26,600"
"Samsung Galaxy J7 Pro (Gold, 64 GB)","₹20,000"
Samsung B351E/Metro 350,"₹2,800"
Samsung B351E/Metro 350,"₹2,799"
Samsung B351E/Metro 350,"₹2,089"
"Samsung Galaxy S8 (Orchid Grey, 64 GB)","₹49,990"
"Samsung Galaxy On Max (Black, 32 GB)","₹19,900"
"Samsung Galaxy On Max (Gold, 32 GB)","₹19,900"
"Samsung Z4 (Gold, 8 GB)","₹6,200"
"Samsung Galaxy J3 Pro (White, 16 GB)","₹8,490"
"Samsung Galaxy J3 Pro (Black, 16 GB)","₹8,490"
"Samsung Galaxy J3 Pro (Gold, 16 GB)","₹8,490"
"Samsung Galaxy On Nxt (Black, 64 GB)","₹17,900"
"Samsung Galaxy On Nxt (Gold, 64 GB)","₹17,900"
"Samsung Galaxy S8 (Maple Gold, 64 GB)","₹49,990"
"Samsung Galaxy S8 (Midnight Black, 64 GB)","₹49,990"
"Samsung Galaxy J7 Prime (Black, 32 GB)","₹15,300"
"Samsung Galaxy J2 Pro (Silver, 16 GB)","₹8,200"
"Samsung Galaxy A5-2017 (Black Sky, 32 GB)","₹22,900"
"Samsung Galaxy A5-2017 (Gold Sand, 32 GB)","₹22,900"
"Samsung Galaxy A7-2017 (Gold Sand, 32 GB)","₹25,900"
"Samsung Galaxy A7-2017 (Black Sky, 32 GB)","₹25,900"
"Samsung Galaxy C9 Pro (Black, 64 GB)","₹31,900"
"Samsung Galaxy C9 Pro (Gold, 64 GB)","₹31,900"
"Samsung Galaxy J1 (4G) (Black, 8 GB)","₹7,550"
"Samsung Galaxy J1 (4G) (White, 8 GB)","₹7,550"
"Samsung Galaxy J2 Ace (Gold, 8 GB)","₹8,090"
"Samsung Galaxy J2 Ace (Silver, 8 GB)","₹8,090"
"Samsung Galaxy J2 Ace (Black, 8 GB)","₹8,090"
"Samsung Galaxy J1 (4G) (Gold, 8 GB)","₹7,550"
"Samsung Galaxy S7 Edge (Blue Coral, 32 GB)","₹41,900"
"Samsung Galaxy S7 Edge (Pink Gold, 32 GB)","₹41,900"
"Samsung Z2 (Black, 8 GB)","₹4,790"
"Samsung Z2 (Gold, 8 GB)","₹4,790"
"Samsung Galaxy On Nxt (Gold, 32 GB)","₹15,900"
"Samsung Galaxy On Nxt (Black, 32 GB)","₹15,900"
"Samsung Galaxy A9 Pro (Gold, 32 GB)","₹19,980"
"Samsung Galaxy A9 Pro (Black, 32 GB)","₹22,900"
"Samsung Galaxy A9 Pro (White, 32 GB)","₹26,900"
"Samsung Galaxy On8 (Black, 16 GB)","₹13,490"
"Samsung Galaxy J7 Prime (Gold, 16 GB)","₹9,950"
"Samsung Galaxy Note 5 (Dual Sim) (Black Sapphire, 32 GB)","₹46,300"
"Samsung Galaxy Note 5 (Dual Sim) (Silver Titanium, 32 GB)","₹46,300"
"Samsung Galaxy J2 - 2016 (Black, 8 GB)","₹6,990"
"Samsung Galaxy J2 - 2016 (Silver, 8 GB)","₹7,200"
"Samsung Galaxy J2 - 2016 (Gold, 8 GB)","₹6,990"
"Samsung Galaxy Note 5 (Dual Sim) (Gold Platinum, 32 GB)","₹46,300"
Samsung Metro XL,"₹3,220"
Samsung Metro XL,"₹3,220"
"Samsung Galaxy J7 - 6 (New 2016 Edition) (Gold, 16 GB)","₹13,800"
"Samsung Galaxy A5 2016 Edition (Gold, 16 GB)","₹14,490"
"Samsung Galaxy A7 2016 Edition (Gold, 16 GB)","₹17,490"
"Samsung Galaxy J5 - 6 (New 2016 Edition) (Gold, 16 GB)","₹10,990"
"Samsung Galaxy J5 - 6 (New 2016 Edition) (Black, 16 GB)","₹10,990"
"Samsung Galaxy J5 - 6 (New 2016 Edition) (White, 16 GB)","₹10,990"
"Samsung Tizen Z3 (Silver, 8 GB)","₹5,590"
"Samsung Galaxy S7 (Black Onyx, 32 GB)","₹24,999"
"Samsung Galaxy S7 (Silver Titanium, 32 GB)","₹23,500"
"Samsung Galaxy S7 (Gold Platinum, 32 GB)","₹22,222"
"Samsung Galaxy S7 Edge (Gold Platinum, 32 GB)","₹41,900"
"Samsung Galaxy S7 Edge (Silver Titanium, 32 GB)","₹41,900"
"Samsung Galaxy S7 Edge (Black Onyx, 32 GB)","₹41,900"
"Samsung Galaxy A5 2016 Edition (White, 16 GB)","₹14,490"
"Samsung Galaxy A5 (Black, 16 GB)","₹14,490"
"Samsung Galaxy A7 2016 Edition (White, 16 GB)","₹20,700"
"Samsung Galaxy A7 2016 Edition (Black, 16 GB)","₹20,700"
Samsung Metro 350,"₹2,899"
Samsung Metro,"₹2,849"
"Samsung Galaxy Note 5 Dual (Gold Platinum, 32 GB)","₹32,990"
"Samsung Tizen Z3 (Black, 8 GB)","₹5,590"
"Samsung Z3 (Black, 8 GB)","₹5,590"
"Samsung Tizen Z3 (Gold, 8 GB)","₹4,990"
"Samsung Galaxy On5 (Gold, 8 GB)","₹8,990"
"Samsung Galaxy On5 (Black, 8 GB)","₹8,990"
"Samsung Galaxy On7 (Gold, 8 GB)","₹7,990"
"Samsung Galaxy Note 5 (Silver Titanium, 32 GB)","₹38,900"
"Samsung Galaxy Note 5 (Silver, 32 GB)","₹32,000"
"Samsung Galaxy Note 5 (black sapphire, 32 GB)","₹40,999"
"Samsung Galaxy Note 5 (Silver Titanium, 64 GB)","₹45,900"
"Samsung Galaxy Note 5 (Gold, 64 GB)","₹53,900"
"Samsung Galaxy J2 (Gold, 8 GB)","₹7,400"
"Samsung Galaxy J2 (Black, 8 GB)","₹7,400"
Samsung SAMSUNG Metro 350 Dual Sim,"₹2,899"
"Samsung Galaxy Note 5 (Black Sapphire, 32 GB)","₹30,495"
"Samsung Galaxy Note 5 (Silver Titanium, 32 GB)","₹39,999"
Samsung Metro B312E Dual Sim - White,"₹1,599"
Samsung Metro B313E Dual Sim - White,"₹2,120"
"Samsung Galaxy Core Prime G361 Dual Sim - White (White, 8 GB)","₹7,999"
"Samsung Galaxy Note 5 (Gold Platinum, 32 GB)","₹29,990"
"Samsung Galaxy Core Prime (Silver, 8 GB)","₹5,490"
"Samsung Sm-G361Hhadins (Charcoal Gray, 8 GB)","₹7,849"
Samsung Metro 313,"₹2,200"
"Samsung Galaxy J1 Ace (Black, 4 GB)","₹4,988"
"Samsung Galaxy J1 Ace (White, 4 GB)","₹4,988"
"Samsung Galaxy J1 Ace (Blue, 4 GB)","₹5,850"
"Samsung Grand Prime 4G (Gold, 8 GB)","₹7,899"
"Samsung Galaxy S6 Edge+ (Gold Platinum, 32 GB)","₹28,000"
"Samsung Galaxy Grand Prime 4g (White, 8 GB)","₹8,990"
"Samsung Galaxy S6 Edge+ (Silver Titanium, 32 GB)","₹34,999"
Samsung Metro 350,"₹2,958"
Samsung Metro 350,"₹2,849"
"Samsung Galaxy Grand Prime 4g (Grey, 8 GB)","₹8,250"
Samsung Metro 360,"₹3,629"
Samsung Metro 313,"₹1,990"
"Samsung Galaxy A8 (Gold, 32 GB)","₹25,990"
"Samsung Galaxy A8 (Black, 32 GB)","₹25,499"
"Samsung Galaxy A8 (White, 32 GB)","₹31,490"
Samsung Metro 313,"₹2,120"
"Samsung Grand Prime 4G (White, 8 GB)","₹8,250"
Samsung Metro 360,"₹2,000"
"Samsung Galaxy Mega 2 (Brown, Black, 16 GB)","₹17,950"
Samsung Metro 313,"₹2,120"
"Samsung Galaxy J5 (Black, 8 GB)","₹7,990"
"Samsung Galaxy J7 (White, 16 GB)","₹11,700"
"Samsung Galaxy J5 (White, 8 GB)","₹11,390"
"Samsung Galaxy J7 (Black, 16 GB)","₹11,700"
"Samsung Galaxy J5 (Gold, 8 GB)","₹10,490"
"Samsung Galaxy J7 (Gold, 16 GB)","₹11,700"
"Samsung Galaxy Core Prime 4G (White, 8 GB)","₹6,999"
"Samsung Galaxy S6 Edge (Green Emerald, 32 GB)","₹49,990"
"Samsung Galaxy S6 (White Pearl, 64 GB)","₹55,900"
"Samsung Galaxy S6 Edge (White Pearl, 64 GB)","₹53,900"
"Samsung Galaxy S6 Edge (Black, 64 GB)","₹39,990"
"Samsung Galaxy S6 Edge (Gold Platinum, 64 GB)","₹29,999"
"Samsung Galaxy S6 (Gold Platinum, 32 GB)","₹33,900"
"Samsung Galaxy S6 (Blue Topaz, 32 GB)","₹36,900"
"Samsung Z1 (Black, 4 GB)","₹3,990"
"Samsung Z1 (White, 4 GB)","₹3,990"
"Samsung Galaxy S6 (White Pearl, 32 GB)","₹24,500"
"Samsung Galaxy S6 Edge (Gold Platinum, 32 GB)","₹29,999"
"Samsung Galaxy S6 (Black Sapphire, 32 GB)","₹27,900"
"Samsung Galaxy S6 Edge (White Pearl, 32 GB)","₹44,900"
"Samsung Galaxy A7 (Champagne Gold, 16 GB)","₹9,999"
"Samsung Galaxy A7 (Midnight Black, 16 GB)","₹19,990"
"Samsung Galaxy Grand Neo Plus (Gold, 8 GB)","₹7,940"
"Samsung Galaxy Grand Neo Plus (White, 8 GB)","₹4,999"
"Samsung Galaxy Grand Neo Plus (Midnight Black, 8 GB)","₹5,999"
"Samsung Galaxy J1 (Blue, 4 GB)","₹7,454"
"Samsung Galaxy J1 (White, 4 GB)","₹6,190"
"Samsung Galaxy Grand Neo Plus (White, 8 GB)","₹9,790"
"Samsung Galaxy Grand Neo Plus (Midnight Black, 8 GB)","₹6,999"
"Samsung Galaxy A7 (Pearl White, 16 GB)","₹19,990"
"Samsung Galaxy E7 (Blue, 16 GB)","₹17,050"
"Samsung Galaxy A3 (Champagne Gold, 16 GB)","₹8,190"
"Samsung Galaxy E5 (Black, 16 GB)","₹9,890"
"Samsung Galaxy A3 (Midnight Black, 16 GB)","₹7,599"
"Samsung Galaxy A5 (Midnight Black, 16 GB)","₹17,990"
"Samsung Galaxy A5 (Champagne Gold, 16 GB)","₹16,470"
"Samsung Galaxy E7 (Black, 16 GB)","₹16,200"
"Samsung Galaxy A3 (Pearl White, 16 GB)","₹9,999"
"Samsung Galaxy E5 (Brown, 16 GB)","₹12,799"
"Samsung Z1 (Wine Red, 4096 MB)","₹4,290"
"Samsung Galaxy A5 (Pearl White, 16 GB)","₹15,993"
"Samsung Galaxy E5 (White, 16 GB)","₹8,490"
"Samsung Galaxy E7 (White, 16 GB)","₹12,999"
"Samsung Galaxy Note Edge (Frost White, 32 GB)","₹30,000"
"Samsung Galaxy Note Edge (Charcoal Black, 32 GB)","₹39,500"
"Samsung Galaxy Mega 2 (White, 8 GB)","₹17,450"
"Samsung Galaxy Core Prime (Silver, 8 GB)","₹6,969"
"Samsung Galaxy Core Prime (Charcoal Grey, 8 GB)","₹5,490"
"Samsung Galaxy Note 4 (Blossom Pink, 32 GB)","₹39,999"
"Samsung Galaxy Note 4 (Bronze Gold, 32 GB)","₹27,900"
"Samsung Galaxy Note 4 (Frost White, 32 GB)","₹27,990"
"Samsung Galaxy Note 4 (Charcoal Black, 32 GB)","₹36,900"
"Samsung Galaxy Alpha (Frosted Gold, 32 GB)","₹42,000"
"Samsung Galaxy Alpha (Dazzling White, 32 GB)","₹19,999"
"Samsung Galaxy Alpha (Charcoal Black, 32 GB)","₹22,389"
"Samsung Grand Prime (Grey, 8 GB)","₹8,500"
"Samsung Grand Prime (White, 8 GB)","₹7,992"
"Samsung Galaxy Star Advance (Black, 4 GB)","₹3,500"
"Samsung Galaxy Star 2 (Iris Charcoal, 4 GB)","₹4,890"
"Samsung Galaxy Star Advance (White, 4 GB)","₹5,499"
"Samsung Galaxy Star 2 (White, 4 GB)","₹4,890"
"Samsung Galaxy S Duos 3 (Ceramic White, 4 GB)","₹6,048"
"Samsung Galaxy S Duos 3 (Charcoal Grey, 4 GB)","₹6,499"
"Samsung Galaxy Ace NXT (Black, 4 GB)","₹5,249"
"Samsung Galaxy Core 2 (Black, 4 GB)","₹6,294"
"Samsung Galaxy Ace NXT (Ceramic White, 4 GB)","₹5,490"
"Samsung Galaxy Core 2 (White, 4 GB)","₹6,199"
"Samsung Galaxy S5 (Copper Gold, 16 GB)","₹21,999"
"Samsung Galaxy S5 (Electric Blue, 16 GB)","₹21,999"
"Samsung Galaxy Note 3 Neo (White, 16 GB)","₹11,250"
"Samsung Galaxy S4 (Deep Black, 16 GB)","₹15,999"
"Samsung Galaxy S5 (Charcoal Black, 16 GB)","₹21,999"
"Samsung Galaxy S3 Neo (Black, 16 GB)","₹13,499"
"Samsung Galaxy S3 Neo (Pebble Blue, 16 GB)","₹17,000"
"Samsung Galaxy S3 Neo (Marble White, 16 GB)","₹13,499"
"Samsung Galaxy Note 3 Neo (Black, 16 GB)","₹19,900"
"Samsung Galaxy Grand Neo (White, 8 GB)","₹13,500"
"Samsung Galaxy Grand 2 (Black, 8 GB)","₹9,999"
"Samsung Galaxy Grand 2 (White, 8 GB)","₹10,990"
"Samsung Galaxy S Duos 2 (Pure White, 4 GB)","₹5,999"
"Samsung Galaxy S Duos 2 (Black, 4 GB)","₹5,999"
"Samsung Galaxy Star Pro (Midnight Black, 4 GB)","₹4,299"
"Samsung Galaxy Trend (Ceramic White, 4 GB)","₹4,999"
"Samsung Galaxy Trend (Wine Red, 4 GB)","₹6,999"
"Samsung Galaxy Star Pro (White, 4 GB)","₹4,199"
"Samsung Galaxy Trend (Midnight Black, 4 GB)","₹4,999"
"Samsung Galaxy Mega 5.8 (Black, 8 GB)","₹12,500"
"Samsung Galaxy Note 3 (Classic White, 32 GB)","₹50,650"
"Samsung Galaxy Note 3 (Jet Black, 32 GB)","₹21,999"
"Samsung Galaxy Grand I9082 (Metallic Blue, 8 GB)","₹8,999"
"Samsung Galaxy Grand Quattro (Titan Gray, 8 GB)","₹5,999"
"Samsung Galaxy S4 Zoom (White, 8 GB)","₹15,990"
"Samsung Galaxy S4 Mini (White Frost, 8 GB)","₹14,000"
"Samsung Galaxy Core (Metallic Blue, 8 GB)","₹7,999"
"Samsung Galaxy Core (Chic White, 8 GB)","₹14,700"
"Samsung Galaxy Pocket Neo (Metallic Silver, 4 GB)","₹7,000"
"Samsung Galaxy Star (Noble Black, 4 GB)","₹4,199"
"Samsung Galaxy Mega 5.8 (White, 8 GB)","₹12,500"
"Samsung Galaxy Star (Ceramic White, 4 GB)","₹3,599"
"Samsung Galaxy Grand Quattro (Ceramic White, 8 GB)","₹6,999"
"Samsung Galaxy S4 (White Frost, 16 GB)","₹40,690"
Samsung Rex 60,"₹3,400"
Samsung Guru E1207T,"₹1,560"
Samsung C3520,"₹3,999"
